{
  "hyperparameters": {
    "n_factors": 50,
    "learning_rate": 0.01,
    "regularization": 0.02,
    "epochs": 20
  },
  "metrics": {
    "rmse": 0.930530255032949,
    "precision_at_10": 0.0,
    "recall_at_10": 0.0,
    "coverage": 0.0979087452471483
  },
  "training_data": {
    "n_users": 130,
    "n_movies": 4429,
    "n_ratings": 16000
  },
  "version": "v20251203_154308",
  "model_type": "matrix_factorization",
  "saved_at": "2025-12-03T15:43:08.776498"
}